{"mape": 11.682103595276718, "mse": 0.029400854991773938, "rmse": 0.17146677518333964, "mae": 0.12983491091413746, "model": "NaiveSeasonal", "forecast_horizon": 2, "dataset": "electricity", "experiment_time": 1715278116.43775, "parameters": {"K": 1}}