{"mape": 5.602878629859388, "mse": 0.00673839958655716, "rmse": 0.08208775539967676, "mae": 0.06133421881999656, "model": "ARIMA", "forecast_horizon": 1, "dataset": "electricity", "experiment_time": 1715710729.405588, "parameters": {"p": 3, "d": 1, "q": 0, "seasonal_order": [0, 0, 0, 0], "trend": null, "random_state": null, "add_encoders": null}}