{"mape": 9.005160023803773, "mse": 0.016506907746784066, "rmse": 0.1284792113409172, "mae": 0.09944563523462788, "model": "ARIMA", "forecast_horizon": 2, "dataset": "electricity", "experiment_time": 1715710735.117437, "parameters": {"p": 3, "d": 1, "q": 0, "seasonal_order": [0, 0, 0, 0], "trend": null, "random_state": null, "add_encoders": null}}