{"mape": 5.771838301445469, "mse": 0.007526981244530573, "rmse": 0.0867581768165432, "mae": 0.06428243474574748, "model": "NaiveSeasonal", "forecast_horizon": 1, "dataset": "electricity", "experiment_time": 1715710719.531552, "parameters": {"K": 1}}