{"mape": 18.531869485280385, "mse": 0.06819869519308139, "rmse": 0.2611487989501031, "mae": 0.20596167408483337, "model": "NaiveSeasonal", "forecast_horizon": 5, "dataset": "electricity", "experiment_time": 1715710720.483455, "parameters": {"K": 1}}