{"mape": 29.829497373106623, "mse": 0.1734415811016413, "rmse": 0.4164631809675872, "mae": 0.31738606234877587, "model": "ARIMA", "forecast_horizon": 10, "dataset": "electricity", "experiment_time": 1715710763.683538, "parameters": {"p": 3, "d": 1, "q": 0, "seasonal_order": [0, 0, 0, 0], "trend": null, "random_state": null, "add_encoders": null}}