{"mape": 18.115560067290517, "mse": 0.06408707406092248, "rmse": 0.2531542495415048, "mae": 0.200922743443813, "model": "ARIMA", "forecast_horizon": 5, "dataset": "electricity", "experiment_time": 1715710746.215999, "parameters": {"p": 3, "d": 1, "q": 0, "seasonal_order": [0, 0, 0, 0], "trend": null, "random_state": null, "add_encoders": null}}