{"mape": 12.196445190731291, "mse": 0.029679020901649457, "rmse": 0.17227600210606658, "mae": 0.1358199324751127, "model": "ARIMA", "forecast_horizon": 3, "dataset": "electricity", "experiment_time": 1715710740.6746619, "parameters": {"p": 3, "d": 1, "q": 0, "seasonal_order": [0, 0, 0, 0], "trend": null, "random_state": null, "add_encoders": null}}