{"mape": 6.259882428421985, "mse": 0.009387919409138797, "rmse": 0.09689127622824872, "mae": 0.06959859748706582, "model": "ARIMA", "forecast_horizon": 1, "dataset": "electricity", "experiment_time": 1715279492.626692, "parameters": {"p": 3, "d": 1, "q": 0, "seasonal_order": [0, 0, 0, 0], "trend": null, "random_state": null, "add_encoders": null}}