{"mape": 16.98758992738229, "mse": 0.06852552799592294, "rmse": 0.26177381075257117, "mae": 0.1826063037615867, "model": "NaiveSeasonal", "forecast_horizon": 3, "dataset": "electricity", "experiment_time": 1715106120.896759}