{"mape": 19.46884968537121, "mse": 35584388.06147397, "rmse": 5965.265129185288, "mae": 3672.310538401785, "model": "ARIMA", "forecast_horizon": 1, "dataset": "walmart-sales", "experiment_time": 1716818148.378164, "parameters": {"p": 7, "d": 2, "q": 0, "seasonal_order": [0, 0, 0, 0], "trend": null, "random_state": null, "add_encoders": null}}