{"mape": 13.232184646742976, "mse": 7268837.854395298, "rmse": 2521.044384582095, "mae": 1883.4630616887848, "model": "ARIMA", "forecast_horizon": 1, "dataset": "walmart-sales", "experiment_time": 1717951808.6073658, "parameters": {"p": 7, "d": 2, "q": 0, "seasonal_order": [0, 0, 0, 0], "trend": null, "random_state": null, "add_encoders": null}}