{"mape": 11.206881718246747, "mse": 30503061.348224156, "rmse": 5522.957663084532, "mae": 2403.6300000000006, "model": "NaiveSeasonal", "forecast_horizon": 1, "dataset": "walmart-sales", "experiment_time": 1716819286.761033, "parameters": {"K": 1}}