{"mape": 12.026329837631597, "mse": 8282745.401761005, "rmse": 2630.764195436049, "mae": 2013.9509549071615, "model": "NaiveSeasonal", "forecast_horizon": 1, "dataset": "walmart-sales", "experiment_time": 1717955002.1070158, "parameters": {"K": 1}}