{"mape": 3.9921474189565194, "mse": 1.351338898301598, "rmse": 1.1624710311666255, "mae": 0.8804808512913176, "model": "ARIMA", "forecast_horizon": 10, "dataset": "weather", "experiment_time": 1717296186.053925, "parameters": {"p": 3, "d": 1, "q": 0, "seasonal_order": [0, 0, 0, 0], "trend": null, "random_state": null, "add_encoders": null}}